{
    "type": "origins:active_self",
    "entity_action": {
        "type": "origins:and",
        "actions": [
            {
                "type": "origins:change_resource",
                "resource": "wereboar:health_resource",
                "change": 1
            },
            {
                "type": "origins:change_resource",
                "resource": "wereboar:resource",
                "change": 900
            },
            {
                "type": "origins:apply_effect",
                "effects": [
                    { 
                        "effect": "minecraft:slowness",
                        "duration": 600,
                        "amplifier": 3,
                        "show_icon": false,
                        "show_particles": false
                    }
                ]
            },
            {
                "type": "origins:execute_command",
                "command": "playsound minecraft:entity.piglin_brute.angry master @a[distance=..15] ~ ~ ~ 1 0",
                "permission_level": 4
            },
            {
                "type": "origins:execute_command",
                "command": "scale set pehkui:height 1.5 @s",
                "permission_level": 4
            },
            {
                "type": "origins:execute_command",
                "command": "scale set pehkui:width 1.5 @s",
                "permission_level": 4
            },
            {
                "type": "origins:execute_command",
                "command": "scale set pehkui:motion 1.25 @s",
                "permission_level": 4
            },
            {
                "type": "origins:execute_command",
                "command": "scale set pehkui:reach 1.25 @s",
                "permission_level": 4
            }
        ]
    },
    "cooldown": 3600,
    "hud_render": {
        "should_render": true,
        "sprite_location": "origins:textures/gui/community/spiderkolo/resource_bar_02.png",
        "bar_index": 1
    },
    "name": "§a§l§nLycanthropy",
    "description": "Wereboars have the ability to turn themselves into a humanoid boar, with a want for blood. But also weight. It'll be difficult to move. It also exhausts you."
}