{
    "type": "origins:modify_damage_dealt",
    "damage_condition": {
        "type": "origins:attacker",
        "entity_condition": {
            "type": "origins:equipped_item",
            "equipment_slot": "mainhand",
            "item_condition": {
                "type": "origins:ingredient",
                "ingredient": {
                    "tag": "wereboar:axes"
                }
            },
            "inverted": true
        }
    },
    "modifier": {
        "operation": "addition",
        "value": -6
    },
        "hidden": true
}