{
	"powers": [
		"wereboar:berserk",
		"wereboar:more_health",
		"wereboar:no_swim",
		"wereboar:stronker_goldenaxe",
		"wereboar:transform",
		"wereboar:weak_piglins",
		"wereboar:weaky_goldenaxe",
		"wereboar:health_resource",
		"origins:nether_spawn",
		"wereboar:lack",
		"wereboar:bloodlust",
		"wereboar:strength_immunity",
		"wereboar:hungry",
		"wereboar:arrow_weakness",
		"wereboar:no_pearl",
		"wereboar:hogsbane_immunity",
		"wereboar:hogsbane",
		"wereboar:lovers",
		"wereboar:callback",
		"wereboar:particles_blood",
		"wereboar:resource",
		"wereboar:remove_effects",
		"wereboar:overtime",
		"wereboar:leap",
		"wereboar:leap_resource"
	],
	"icon": "minecraft:golden_axe",
	"order": 1,
	"impact": 3,
	"name": "Wereboar",
	"description": "The Wereboar is a scarce race which once lived in harmony with the piglins in the nether. With time, however, a war sparked fruit of the fear piglins felt towards the wereboar's power. They hunted them down and killed them off. You are one of the few survivors."
}
