{
    "type": "origins:multiple",
    "no_suf": {
        "type":"origins:modify_damage_taken",
        "modifier":{
        "value": -1.00,
        "operation":"multiply_total"
                },
            "damage_condition":{
            "type":"origins:and",
            "conditions":[
                {
                    "type": "origins:name",
                    "name": "inWall"
                },
                {
                    "type": "origins:amount",
                    "comparison": "==",
                    "compare_to": 1
                }
            ]
        }
    },
    "hitbox":{
        "type": "origins:prevent_entity_collision",
        "condition": { 
            "type": "origins:resource",
            "resource": "*:*_toggle",
            "comparison": "==",
            "compare_to": 0
        }
    },
	"invis": {
        "type": "origins:stacking_status_effect",
        "min_stacks": -1,
        "max_stacks": 1,
        "duration_per_stack": 30,
        "tick_rate": 20,
        "effect": {
            "effect": "minecraft:invisibility",
            "is_ambient": false,
            "show_particles": false,
            "show_icon": false
        },
        "condition": {
            "type": "origins:resource",
            "resource": "*:*_toggle",
            "comparison": "==",
            "compare_to": 0
        }
    },
    "fang": {
        "type":"origins:modify_damage_taken",
        "modifier":{
          "value": -1.00,
          "operation":"multiply_total"
        },
          "damage_condition":{
            "type":"origins:and",
            "conditions":[
              {
                  "type": "origins:name",
                  "name": "magic"
              },
              {
                  "type": "origins:amount",
                  "comparison": "==",
                  "compare_to": 6
              }
            ]
          }
    },
    "no_use": {
        "type": "origins:prevent_item_use",
        "item_condition": {
            "type": "origins:food",
            "inverted": true
        },
        "condition": { 
            "type": "origins:resource",
            "resource": "*:*_toggle",
            "comparison": "==",
            "compare_to": 0
        }
    },
    "slow": {
        "type": "origins:conditioned_attribute",
        "modifier":{
            "attribute": "minecraft:generic.movement_speed",
            "value": -1,
            "operation": "multiply_total"
        },
        "condition": { 
            "type": "origins:resource",
            "resource": "*:*_toggle",
            "comparison": "==",
            "compare_to": 0
        }
    },
    "knockback": {
        "type": "origins:conditioned_attribute",
        "modifier": {
            "attribute": "minecraft:generic.knockback_resistance",
            "operation": "addition",
            "value": "3.0"
        },
        "condition": { 
            "type": "origins:resource",
            "resource": "*:*_toggle",
            "comparison": "==",
            "compare_to": 0
        }
    },
    "slow_air": {
        "type": "origins:modify_air_speed",
        "modifier": {
        "operation": "multiply_total",
        "value": -1
        },
        "condition": { 
            "type": "origins:resource",
            "resource": "*:*_toggle",
            "comparison": "==",
            "compare_to": 0
        }
    },
    "leg_control": {
        "type": "origins:modify_jump",
        "modifier": {
            "value": -1,
            "operation": "multiply_total"
        },
        "condition": { 
            "type": "origins:resource",
            "resource": "*:*_toggle",
            "comparison": "==",
            "compare_to": 0
        }
    },
    "reach": {
        "type": "origins:conditioned_attribute",
        "modifier": {
            "name": "Less Reach",
            "attribute": "reach-entity-attributes:reach",
            "operation": "addition",
            "value": -5
        },
        "condition": { 
            "type": "origins:resource",
            "resource": "*:*_toggle",
            "comparison": "==",
            "compare_to": 0
        }
    },
    "reach_combat": {
        "type": "origins:conditioned_attribute",
        "modifier": {
            "name": "Less Combat Reach",
            "attribute": "reach-entity-attributes:attack_range",
            "operation": "addition",
            "value": -5
        },
        "condition": { 
            "type": "origins:resource",
            "resource": "*:*_toggle",
            "comparison": "==",
            "compare_to": 0
        }
    },
    "break_speed" : {
        "type": "origins:modify_break_speed",
        "modifier": {
            "operation": "multiply_total",
            "value": -1.0
        },
        "condition": { 
            "type": "origins:resource",
            "resource": "*:*_toggle",
            "comparison": "==",
            "compare_to": 0
        }
    },
    "damage": {
        "type": "origins:modify_damage_dealt",
        "modifier": {
            "operation": "multiply_total",
            "value": -1.0
        },
        "condition": { 
            "type": "origins:resource",
            "resource": "*:*_toggle",
            "comparison": "==",
            "compare_to": 0
        }
    },
    "damage_range": {
        "type": "origins:modify_projectile_damage",
        "modifier": {
            "operation": "multiply_total",
            "value": -1.0
        },
        "condition": { 
            "type": "origins:resource",
            "resource": "*:*_toggle",
            "comparison": "==",
            "compare_to": 0
        }
    },
    "particle": {
        "type": "origins:action_over_time",
        "entity_action": {
                "type": "origins:execute_command",
                "command": "particle minecraft:falling_dripstone_water ~ ~.6 ~ .5 .5 .5 100 10 normal",
                "permission_level": 4
                },
            "condition": { 
                "type": "origins:resource",
                "resource": "*:*_toggle",
                "comparison": "==",
                "compare_to": 0
            },
            "interval": 60
    },
    "chomp": {
        "type": "origins:action_over_time",
        "entity_action": {
            "type": "origins:and",
			"actions": [
				{
                    "type": "origins:execute_command",
                    "command": "tp @e[distance=..2,tag=!hunger,tag=!LoverBoy] ~ ~ ~",
                    "permission_level": 4
                },
                {
                    "type": "origins:execute_command",
                    "command": "summon evoker_fangs ~ ~.5 ~ {Owner:[I;352788621,1264600026,-1538109289,-860838130]}",
                    "permission_level": 4
                },
                {
                    "type": "origins:execute_command",
                    "command": "summon evoker_fangs ~ ~1 ~ {Warmup:15,Owner:[I;352788621,1264600026,-1538109289,-860838130]}",
                    "permission_level": 4
                },
                {
                    "type": "origins:execute_command",
                    "command": "effect give @s minecraft:saturation 10",
                    "permission_level": 4
                },
                {
                    "type": "origins:change_resource",
                    "resource": "*:*_toggle",
                    "change": 1
                },
                {
                    "type": "origins:change_resource",
                    "resource": "*:*_toggle2",
                    "operation": "set",
                    "change": 0
                },
                {
                    "type": "origins:execute_command",
                    "command": "scale set pehkui:eye_height 1",
                    "permission_level": 4
                },
                {
                    "type": "origins:execute_command",
                    "command": "scale set pehkui:height .65",
                    "permission_level": 4
                },
                {
                    "type": "origins:execute_command",
                    "command": "scale set pehkui:visibility .4",
                    "permission_level": 4
                }
            ]
        },
        "condition": {
            "type": "origins:and",
            "conditions": [
                {      
                    "type": "origins:resource",
                    "resource": "*:*_toggle",
                    "comparison": "==",
                    "compare_to": 0
                },
                {
                    "type": "origins:command",
                    "command": "execute if entity @e[distance=..2,tag=!hunger,tag=!LoverBoy,type=!minecraft:evoker_fangs,type=!#minecraft:arrows]",
                    "comparison": ">=",
                    "compare_to": 1
                }
            ]
        },
        "interval": 5
    },
    "toggle": {
        "type": "origins:resource",
        "min": 0,
        "max": 1,
        "start_value": 1,
        "hud_render": {
            "should_render": false
        }
    },
    "toggle2": {
        "type": "origins:active_self",
        "entity_action": {
            "type": "origins:if_else",
            "condition": {
                "type": "origins:and",
                "conditions": [
                    {      
                        "type": "origins:resource",
                        "resource": "*:*_toggle",
                        "comparison": "==",
                        "compare_to": 1
                    }
                ]
            },
            "if_action": {
                "type": "origins:and",
			    "actions": [
				{
                    "type": "origins:change_resource",
                    "resource": "*:*_toggle",
                    "change": -1
                },
                {
                    "type": "origins:execute_command",
                    "command": "tp @s ~ ~-1 ~",
                    "permission_level": 4
                },
                {
                    "type": "origins:execute_command",
                    "command": "scale set pehkui:eye_height 2",
                    "permission_level": 4
                },
                {
                    "type": "origins:execute_command",
                    "command": "scale set pehkui:height .45",
                    "permission_level": 4
                },
                {
                    "type": "origins:execute_command",
                    "command": "scale set pehkui:visibility 0",
                    "permission_level": 4
                }
                ]
            },
        "else_action": {
            "type": "origins:and",
			"actions": [
			{
                "type": "origins:change_resource",
                "resource": "*:*_toggle",
                "change": 1
            },
            {
                "type": "origins:execute_command",
                "command": "scale set pehkui:eye_height 1",
                "permission_level": 4
            },
            {
                "type": "origins:execute_command",
                "command": "scale set pehkui:height .65",
                "permission_level": 4
            },
            {
                "type": "origins:execute_command",
                "command": "scale set pehkui:visibility .4",
                "permission_level": 4
            }
            ]
        }
    },
    "cooldown": 400,
    "hud_render": {
        "should_render": true
            },
        "key": {
            "key": "key.loadToolbarActivator",
            "continuous": false
                }
        },
    "name": "§a§l§nAmbush",
    "description": "Bury yourself in the ground and lie in wait until an entity comes near."
}