{
  "type": "origins:modify_damage_taken",
  "bientity_condition": {
      "type": "origins:actor_condition",
      "condition": {
          "type": "origins:equipped_item",
          "equipment_slot": "mainhand",
          "item_condition": {
              "type": "origins:or",
              "conditions": [
                  {
                      "type": "origins:enchantment",
                      "enchantment": "minecraft:binding_curse",
                      "comparison": ">=",
                      "compare_to": 1
                  },
                  {
                      "type": "origins:enchantment",
                      "enchantment": "minecraft:vanishing_curse",
                      "comparison": ">=",
                      "compare_to": 1
                  }
              ]
          }
      }
  },
  "modifier": {
      "name": "Weak to cursed items",
      "operation": "multiply_total",
      "value": 0.15
  },
  "name":"§c§l§nKarma",
  "description":"Any attacker wielding a cursed weapon deals significantly more damage to you."
}