{
    "type": "origins:target_action_on_hit",
    "entity_action": {
        "type": "origins:and",
        "actions": [
            {
                "type": "origins:equipped_item_action",
                "equipment_slot": "mainhand",
                "action": {
                    "type": "origins:damage",
                    "amount": 10,
                    "ignore_unbreaking": false
                }
            },
            {
                "type": "origins:equipped_item_action",
                "equipment_slot": "offhand",
                "action": {
                    "type": "origins:damage",
                    "amount": 10,
                    "ignore_unbreaking": false
                }
            },
            {
                "type": "origins:equipped_item_action",
                "equipment_slot": "head",
                "action": {
                    "type": "origins:damage",
                    "amount": 10,
                    "ignore_unbreaking": false
                }
            },
            {
                "type": "origins:equipped_item_action",
                "equipment_slot": "chest",
                "action": {
                    "type": "origins:damage",
                    "amount": 10,
                    "ignore_unbreaking": false
                }
            },
            {
                "type": "origins:equipped_item_action",
                "equipment_slot": "legs",
                "action": {
                    "type": "origins:damage",
                    "amount": 10,
                    "ignore_unbreaking": false
                }
            },
            {
                "type": "origins:equipped_item_action",
                "equipment_slot": "feet",
                "action": {
                    "type": "origins:damage",
                    "amount": 10,
                    "ignore_unbreaking": false
                }
            }
        ]
    },
    "cooldown": 20,
    "hud_render": {
        "should_render": false,
        "bar_index": 5
    },
    "name": "§a§l§nStrong Jaw",
	"description": "You deal damage to armor and equipped items."
}