{
    "type":"origins:multiple",
    "hitbox":{
        "type": "origins:prevent_entity_collision"
    },
	"invis": {
        "type": "origins:invisibility",
        "render_armor": false
    },
    "immune": {
        "type": "origins:invulnerability",
        "damage_condition": {
            "type": "origins:name",
            "name": "fall",
            "inverted": true
        }
    },
    "fall": {
        "type": "origins:modify_falling",
        "velocity": 0,
        "take_fall_damage": false
    },
    "no_use": {
        "type": "origins:prevent_item_use",
        "item_condition": {
            "type": "origins:food",
            "inverted": true
        }
    },
    "slow": {
        "type": "origins:conditioned_attribute",
        "modifier":{
            "attribute": "minecraft:generic.movement_speed",
            "value": -1,
            "operation": "multiply_total"
        }
    },
    "slow_air": {
        "type": "origins:modify_air_speed",
        "modifier": {
        "operation": "multiply_total",
        "value": -1
        }
    },
    "leg_control": {
        "type": "origins:modify_jump",
        "modifier": {
            "value": -1,
            "operation": "multiply_total"
        }
    },
    "reach": {
        "type": "origins:attribute",
        "modifier": {
            "name": "Less Reach",
            "attribute": "reach-entity-attributes:reach",
            "operation": "addition",
            "value": -5
        }
    },
    "reach_combat": {
        "type": "origins:attribute",
        "modifier": {
            "name": "Less Combat Reach",
            "attribute": "reach-entity-attributes:attack_range",
            "operation": "addition",
            "value": -5
        }
    },
    "break_speed" : {
        "type": "origins:modify_break_speed",
        "modifier": {
            "operation": "multiply_total",
            "value": -1.0
        }
    },
    "damage": {
        "type": "origins:modify_damage_dealt",
        "modifier": {
            "operation": "multiply_total",
            "value": -1.0
        }
    },
    "damage_range": {
        "type": "origins:modify_projectile_damage",
        "modifier": {
            "operation": "multiply_total",
            "value": -1.0
        }
    },
    "resource": {
        "type": "origins:resource",
        "min": 0,
        "max": 10,
        "start_value": 10,
        "hud_render": {
            "sprite_location": "origins:textures/gui/community/huang/resource_bar_02.png",
            "bar_index": 13
        }   
    },
    "remove_resource": {
        "type": "origins:action_over_time",
        "entity_action": {
            "type": "origins:change_resource",
            "resource": "hunger:stomach_resource",
            "change": -1
        },
        "interval": 10
    },
    "escape": {
        "type": "origins:action_over_time",
        "entity_action": 
            {
                "type": "origins:execute_command",
                "command": "power remove @s hunger:stomach",
                "permission_level": 4
            },
        "condition": {
            "type": "origins:and",
            "conditions": [
                {  
                    "type": "origins:resource",
                    "resource": "hunger:stomach_resource",
                    "comparison": "==",
                    "compare_to": 0
                },
                {
                    "type": "origins:sneaking"
                }
            ]
        },
        "interval": 10
    },
    "team": {
        "type": "origins:action_over_time",
        "entity_action": 
            {
                "type": "origins:execute_command",
                "command": "team join prey",
                "permission_level": 4
            },
        "condition": {
            "type": "origins:resource",
            "resource": "hunger:stomach_resource",
            "comparison": ">=",
            "compare_to": 9
        },
        "interval": 10
    },
    "tp": {
        "type": "origins:action_over_time",
        "entity_action": {
                "type": "origins:execute_command",
                "command": "execute at @p[tag=hunger] run tp @s ~ ~2 ~",
                "permission_level": 4
            },
        "interval": 1
    },
"hidden": true
}