{
    "type": "origins:multiple",
    "haste": {
        "type": "origins:modify_break_speed",
        "modifier": {
            "name": "Strong Arms stone break speed bonus",
            "value": 0.06,
            "operation": "addition"
            }
        },
    "stone": {
        "type": "origins:modify_harvest",
        "allow": true,
        "block_condition": {
            "type": "origins:in_tag",
            "tag": "origins:natural_stone"
        }
    },
    "name": "§a§l§nShovel Mouth",
    "description": "You are adept at digging even without tools."
}