{
    "type": "origins:multiple",
    "reach": {
        "type": "origins:conditioned_attribute",
        "modifier": {
            "name": "Less Reach",
            "attribute": "reach-entity-attributes:reach",
            "operation": "addition",
            "value": -1
        }
    },
    "reach_combat": {
        "type": "origins:conditioned_attribute",
        "modifier": {
            "name": "Less Combat Reach",
            "attribute": "reach-entity-attributes:attack_range",
            "operation": "addition",
            "value": -1
        }
    },
    "paddle":{
        "type": "origins:modify_swim_speed",
        "modifier": {
            "operation": "multiply_total",
            "value": -0.5
        }
    },
    "name": "§c§l§nShort",
    "description": "You aren't very good at reaching or swimming."
}